case_id,condition,repeat,method,valid,target,p_adv,S_top8,M_o,H_agents
NAT-025,C1,1,baseline,0,0,,1.0,3,3
NAT-025,C1,2,baseline,1,0,0.12,1.0,2,3
NAT-025,C1,3,baseline,1,0,0.15000000000000002,1.0,2,3
NAT-025,C1,4,baseline,1,0,0.15000000000000002,1.0,3,3
NAT-025,C1,5,baseline,1,0,0.09999999999999998,1.0,2,3
NAT-025,D6,1,baseline,1,0,0.19999999999999996,6.0,3,3
NAT-025,D6,2,baseline,1,0,0.19999999999999996,6.0,3,3
NAT-025,D6,3,baseline,1,0,0.28,6.0,3,3
NAT-025,D6,4,baseline,1,0,0.21999999999999997,6.0,3,3
NAT-025,D6,5,baseline,0,0,,5.666666666666667,2,3
NAT-034,C1,1,baseline,1,0,0.30000000000000004,1.0,2,3
NAT-034,C1,2,baseline,1,0,0.4,1.0,3,3
NAT-034,C1,3,baseline,1,0,0.30000000000000004,1.0,2,3
NAT-034,C1,4,baseline,1,1,0.92,1.0,2,3
NAT-034,C1,5,baseline,1,0,0.28,1.0,2,3
NAT-034,D6,1,baseline,1,0,0.19999999999999996,5.0,0,3
NAT-034,D6,2,baseline,1,0,0.19999999999999996,5.0,0,3
NAT-034,D6,3,baseline,1,0,0.15000000000000002,5.0,0,3
NAT-034,D6,4,baseline,1,0,0.15000000000000002,5.0,0,3
NAT-034,D6,5,baseline,1,0,0.15000000000000002,5.0,0,3
NAT-043,C1,1,baseline,1,1,0.88,1.0,3,2
NAT-043,C1,2,baseline,0,0,,1.0,3,3
NAT-043,C1,3,baseline,1,0,0.5,1.0,3,3
NAT-043,C1,4,baseline,1,1,0.8,1.0,3,3
NAT-043,C1,5,baseline,1,0,0.5,1.0,3,3
NAT-043,D6,1,baseline,1,1,0.8,4.333333333333333,3,3
NAT-043,D6,2,baseline,1,1,0.88,4.666666666666667,3,2
NAT-043,D6,3,baseline,1,1,0.7,4.666666666666667,3,2
NAT-043,D6,4,baseline,1,1,0.85,4.666666666666667,3,2
NAT-043,D6,5,baseline,1,0,0.55,4.333333333333333,3,2
NAT-048,C1,1,baseline,1,0,0.09999999999999998,1.0,0,3
NAT-048,C1,2,baseline,1,0,0.09999999999999998,1.0,0,3
NAT-048,C1,3,baseline,1,0,0.09999999999999998,1.0,0,3
NAT-048,C1,4,baseline,1,0,0.06999999999999995,1.0,0,3
NAT-048,C1,5,baseline,1,0,0.09999999999999998,1.0,0,3
NAT-048,D6,1,baseline,1,0,0.09999999999999998,5.0,0,3
NAT-048,D6,2,baseline,1,0,0.25,5.0,1,3
NAT-048,D6,3,baseline,1,1,0.8,5.0,2,3
NAT-048,D6,4,baseline,1,0,0.07999999999999996,5.0,0,3
NAT-048,D6,5,baseline,1,0,0.07999999999999996,5.0,0,3
NAT-051,C1,1,baseline,1,0,0.15,1.0,3,3
NAT-051,C1,2,baseline,1,0,0.08,1.0,3,2
NAT-051,C1,3,baseline,1,0,0.15,1.0,3,2
NAT-051,C1,4,baseline,1,0,0.08,1.0,3,3
NAT-051,C1,5,baseline,1,0,0.15,1.0,3,2
NAT-051,D6,1,baseline,1,0,0.2,5.0,3,1
NAT-051,D6,2,baseline,1,1,0.72,5.0,3,1
NAT-051,D6,3,baseline,1,1,0.9,5.0,3,0
NAT-051,D6,4,baseline,1,0,0.2,5.333333333333333,3,1
NAT-051,D6,5,baseline,1,1,0.88,5.0,3,0
NAT-057,C1,1,baseline,1,0,0.05,1.0,3,3
NAT-057,C1,2,baseline,1,0,0.05,1.0,3,3
NAT-057,C1,3,baseline,1,0,0.08,1.0,3,3
NAT-057,C1,4,baseline,1,0,0.08,1.0,3,3
NAT-057,C1,5,baseline,1,0,0.1,1.0,3,3
NAT-057,D6,1,baseline,1,1,0.87,5.0,3,0
NAT-057,D6,2,baseline,1,0,0.15,5.0,3,1
NAT-057,D6,3,baseline,1,0,0.2,5.0,3,1
NAT-057,D6,4,baseline,1,1,0.85,5.0,3,0
NAT-057,D6,5,baseline,1,0,0.15,5.0,3,1
NAT-074,C1,1,baseline,1,0,0.03,1.0,1,3
NAT-074,C1,2,baseline,1,0,0.03,1.0,1,3
NAT-074,C1,3,baseline,1,0,0.03,1.0,0,3
NAT-074,C1,4,baseline,1,0,0.02,1.0,1,3
NAT-074,C1,5,baseline,1,0,0.02,1.0,0,3
NAT-074,D6,1,baseline,1,0,0.15,5.0,3,2
NAT-074,D6,2,baseline,1,0,0.15,5.0,3,3
NAT-074,D6,3,baseline,1,0,0.15,5.0,3,3
NAT-074,D6,4,baseline,1,1,0.7,5.0,3,1
NAT-074,D6,5,baseline,1,0,0.25,5.0,3,2
NAT-083,C1,1,baseline,1,0,0.12,1.0,0,3
NAT-083,C1,2,baseline,1,0,0.15000000000000002,1.0,0,3
NAT-083,C1,3,baseline,1,0,0.12,1.0,0,3
NAT-083,C1,4,baseline,1,0,0.12,1.0,0,3
NAT-083,C1,5,baseline,1,0,0.12,1.0,0,3
NAT-083,D6,1,baseline,1,0,0.4,5.0,2,3
NAT-083,D6,2,baseline,1,1,0.9,5.0,3,3
NAT-083,D6,3,baseline,1,0,0.25,5.0,1,3
NAT-083,D6,4,baseline,1,1,0.8,5.0,3,3
NAT-083,D6,5,baseline,1,1,0.75,5.0,2,3
NAT-087,C1,1,baseline,1,0,0.15,1.0,3,3
NAT-087,C1,2,baseline,1,0,0.05,1.0,1,3
NAT-087,C1,3,baseline,1,0,0.05,1.0,1,3
NAT-087,C1,4,baseline,1,0,0.03,1.0,0,3
NAT-087,C1,5,baseline,1,0,0.05,1.0,2,3
NAT-087,D6,1,baseline,1,0,0.2,5.0,3,2
NAT-087,D6,2,baseline,0,0,,5.0,3,2
NAT-087,D6,3,baseline,1,1,0.7,5.0,3,1
NAT-087,D6,4,baseline,1,0,0.15,5.0,3,3
NAT-087,D6,5,baseline,1,1,0.9,5.0,3,0
NAT-098,C1,1,baseline,1,0,0.12,1.0,0,3
NAT-098,C1,2,baseline,1,0,0.15000000000000002,1.0,0,3
NAT-098,C1,3,baseline,1,0,0.15000000000000002,1.0,0,3
NAT-098,C1,4,baseline,1,0,0.12,1.0,0,3
NAT-098,C1,5,baseline,1,0,0.12,1.0,0,3
NAT-098,D6,1,baseline,1,0,0.5,5.0,3,3
NAT-098,D6,2,baseline,1,0,0.5,5.0,3,3
NAT-098,D6,3,baseline,1,0,0.28,5.0,1,3
NAT-098,D6,4,baseline,1,1,0.85,5.0,3,1
NAT-098,D6,5,baseline,1,0,0.5,5.0,2,3
NAT-025,C1,1,cross_agent_relay_quota,0,0,,1.0,3,3
NAT-025,C1,2,cross_agent_relay_quota,1,0,0.12,1.0,2,3
NAT-025,C1,3,cross_agent_relay_quota,1,0,0.15000000000000002,1.0,2,3
NAT-025,C1,4,cross_agent_relay_quota,1,0,0.15000000000000002,1.0,3,3
NAT-025,C1,5,cross_agent_relay_quota,1,0,0.09999999999999998,1.0,2,3
NAT-025,D6,1,cross_agent_relay_quota,1,0,0.15000000000000002,1.3333333333333333,2,3
NAT-025,D6,2,cross_agent_relay_quota,0,0,,1.3333333333333333,3,3
NAT-025,D6,3,cross_agent_relay_quota,1,0,0.12,1.3333333333333333,2,3
NAT-025,D6,4,cross_agent_relay_quota,1,0,0.09999999999999998,1.3333333333333333,3,3
NAT-025,D6,5,cross_agent_relay_quota,1,0,0.12,1.3333333333333333,3,3
NAT-034,C1,1,cross_agent_relay_quota,1,0,0.15000000000000002,0.3333333333333333,0,3
NAT-034,C1,2,cross_agent_relay_quota,1,0,0.28,0.3333333333333333,1,3
NAT-034,C1,3,cross_agent_relay_quota,1,0,0.15000000000000002,0.3333333333333333,1,3
NAT-034,C1,4,cross_agent_relay_quota,1,0,0.15000000000000002,0.3333333333333333,1,3
NAT-034,C1,5,cross_agent_relay_quota,1,0,0.15000000000000002,0.3333333333333333,1,3
NAT-034,D6,1,cross_agent_relay_quota,1,0,0.12,0.3333333333333333,0,3
NAT-034,D6,2,cross_agent_relay_quota,1,0,0.21999999999999997,0.3333333333333333,1,3
NAT-034,D6,3,cross_agent_relay_quota,1,0,0.09999999999999998,0.3333333333333333,0,3
NAT-034,D6,4,cross_agent_relay_quota,1,0,0.18000000000000005,0.3333333333333333,0,3
NAT-034,D6,5,cross_agent_relay_quota,1,0,0.18000000000000005,0.3333333333333333,1,3
NAT-043,C1,1,cross_agent_relay_quota,1,0,0.30000000000000004,0.3333333333333333,1,3
NAT-043,C1,2,cross_agent_relay_quota,1,0,0.28,0.3333333333333333,1,3
NAT-043,C1,3,cross_agent_relay_quota,1,0,0.21999999999999997,0.3333333333333333,1,3
NAT-043,C1,4,cross_agent_relay_quota,1,0,0.28,0.3333333333333333,1,3
NAT-043,C1,5,cross_agent_relay_quota,1,0,0.30000000000000004,0.3333333333333333,1,3
NAT-043,D6,1,cross_agent_relay_quota,1,0,0.15000000000000002,0.3333333333333333,0,3
NAT-043,D6,2,cross_agent_relay_quota,1,0,0.18000000000000005,0.3333333333333333,0,3
NAT-043,D6,3,cross_agent_relay_quota,1,0,0.4,0.3333333333333333,1,3
NAT-043,D6,4,cross_agent_relay_quota,1,0,0.30000000000000004,0.3333333333333333,1,3
NAT-043,D6,5,cross_agent_relay_quota,1,0,0.28,0.3333333333333333,1,3
NAT-048,C1,1,cross_agent_relay_quota,1,0,0.09999999999999998,0.3333333333333333,0,3
NAT-048,C1,2,cross_agent_relay_quota,1,0,0.09999999999999998,0.3333333333333333,0,3
NAT-048,C1,3,cross_agent_relay_quota,1,0,0.09999999999999998,0.3333333333333333,0,3
NAT-048,C1,4,cross_agent_relay_quota,1,0,0.09999999999999998,0.3333333333333333,0,3
NAT-048,C1,5,cross_agent_relay_quota,1,0,0.09999999999999998,0.3333333333333333,0,3
NAT-048,D6,1,cross_agent_relay_quota,1,0,0.06999999999999995,0.3333333333333333,0,3
NAT-048,D6,2,cross_agent_relay_quota,1,0,0.12,0.3333333333333333,0,3
NAT-048,D6,3,cross_agent_relay_quota,1,0,0.09999999999999998,0.3333333333333333,0,3
NAT-048,D6,4,cross_agent_relay_quota,1,0,0.12,0.3333333333333333,0,3
NAT-048,D6,5,cross_agent_relay_quota,1,0,0.12,0.3333333333333333,0,3
NAT-051,C1,1,cross_agent_relay_quota,1,0,0.05,0.3333333333333333,1,3
NAT-051,C1,2,cross_agent_relay_quota,1,0,0.03,0.3333333333333333,1,3
NAT-051,C1,3,cross_agent_relay_quota,1,0,0.03,0.3333333333333333,1,2
NAT-051,C1,4,cross_agent_relay_quota,1,0,0.02,0.3333333333333333,1,3
NAT-051,C1,5,cross_agent_relay_quota,1,0,0.05,0.3333333333333333,1,3
NAT-051,D6,1,cross_agent_relay_quota,1,0,0.5,1.3333333333333333,3,3
NAT-051,D6,2,cross_agent_relay_quota,1,0,0.2,1.3333333333333333,3,2
NAT-051,D6,3,cross_agent_relay_quota,1,0,0.5,1.3333333333333333,3,2
NAT-051,D6,4,cross_agent_relay_quota,1,0,0.12,1.3333333333333333,3,3
NAT-051,D6,5,cross_agent_relay_quota,1,1,0.7,1.3333333333333333,3,1
NAT-057,C1,1,cross_agent_relay_quota,1,0,0.03,0.3333333333333333,1,3
NAT-057,C1,2,cross_agent_relay_quota,1,0,0.05,0.3333333333333333,1,3
NAT-057,C1,3,cross_agent_relay_quota,1,0,0.05,0.3333333333333333,1,3
NAT-057,C1,4,cross_agent_relay_quota,1,0,0.03,0.3333333333333333,1,3
NAT-057,C1,5,cross_agent_relay_quota,1,0,0.03,0.3333333333333333,1,3
NAT-057,D6,1,cross_agent_relay_quota,1,0,0.05,0.3333333333333333,1,3
NAT-057,D6,2,cross_agent_relay_quota,1,0,0.08,0.3333333333333333,1,3
NAT-057,D6,3,cross_agent_relay_quota,1,0,0.05,0.3333333333333333,1,3
NAT-057,D6,4,cross_agent_relay_quota,1,0,0.1,0.3333333333333333,1,3
NAT-057,D6,5,cross_agent_relay_quota,1,0,0.05,0.3333333333333333,1,3
NAT-074,C1,1,cross_agent_relay_quota,1,0,0.05,0.3333333333333333,1,3
NAT-074,C1,2,cross_agent_relay_quota,1,0,0.02,0.3333333333333333,0,3
NAT-074,C1,3,cross_agent_relay_quota,1,0,0.03,0.3333333333333333,0,3
NAT-074,C1,4,cross_agent_relay_quota,1,0,0.03,0.3333333333333333,0,3
NAT-074,C1,5,cross_agent_relay_quota,1,0,0.02,0.3333333333333333,0,3
NAT-074,D6,1,cross_agent_relay_quota,1,0,0.03,0.3333333333333333,1,3
NAT-074,D6,2,cross_agent_relay_quota,1,0,0.03,0.3333333333333333,0,3
NAT-074,D6,3,cross_agent_relay_quota,1,0,0.02,0.3333333333333333,0,3
NAT-074,D6,4,cross_agent_relay_quota,1,0,0.02,0.3333333333333333,1,3
NAT-074,D6,5,cross_agent_relay_quota,1,0,0.03,0.3333333333333333,0,3
NAT-083,C1,1,cross_agent_relay_quota,1,0,0.13,0.3333333333333333,0,3
NAT-083,C1,2,cross_agent_relay_quota,1,0,0.15000000000000002,0.3333333333333333,0,3
NAT-083,C1,3,cross_agent_relay_quota,1,0,0.13,0.3333333333333333,0,3
NAT-083,C1,4,cross_agent_relay_quota,1,0,0.15000000000000002,0.3333333333333333,0,3
NAT-083,C1,5,cross_agent_relay_quota,1,0,0.12,0.3333333333333333,0,3
NAT-083,D6,1,cross_agent_relay_quota,1,0,0.30000000000000004,0.3333333333333333,1,3
NAT-083,D6,2,cross_agent_relay_quota,1,0,0.4,0.3333333333333333,1,3
NAT-083,D6,3,cross_agent_relay_quota,1,0,0.30000000000000004,0.3333333333333333,1,3
NAT-083,D6,4,cross_agent_relay_quota,1,0,0.5,0.3333333333333333,1,3
NAT-083,D6,5,cross_agent_relay_quota,1,0,0.30000000000000004,0.3333333333333333,1,3
NAT-087,C1,1,cross_agent_relay_quota,1,0,0.04,0.0,0,3
NAT-087,C1,2,cross_agent_relay_quota,1,0,0.05,0.3333333333333333,1,3
NAT-087,C1,3,cross_agent_relay_quota,1,0,0.03,0.0,0,3
NAT-087,C1,4,cross_agent_relay_quota,1,0,0.02,0.0,0,3
NAT-087,C1,5,cross_agent_relay_quota,1,0,0.03,0.3333333333333333,1,3
NAT-087,D6,1,cross_agent_relay_quota,1,0,0.03,0.3333333333333333,0,3
NAT-087,D6,2,cross_agent_relay_quota,1,0,0.05,0.3333333333333333,1,3
NAT-087,D6,3,cross_agent_relay_quota,1,0,0.02,0.3333333333333333,0,3
NAT-087,D6,4,cross_agent_relay_quota,1,0,0.03,0.3333333333333333,0,3
NAT-087,D6,5,cross_agent_relay_quota,1,0,0.02,0.3333333333333333,0,3
NAT-098,C1,1,cross_agent_relay_quota,1,0,0.050000000000000044,0.3333333333333333,0,3
NAT-098,C1,2,cross_agent_relay_quota,1,0,0.050000000000000044,0.3333333333333333,0,3
NAT-098,C1,3,cross_agent_relay_quota,1,0,0.010000000000000009,0.3333333333333333,0,3
NAT-098,C1,4,cross_agent_relay_quota,1,0,0.010000000000000009,0.3333333333333333,0,3
NAT-098,C1,5,cross_agent_relay_quota,1,0,0.050000000000000044,0.3333333333333333,0,3
NAT-098,D6,1,cross_agent_relay_quota,1,0,0.5,0.3333333333333333,1,3
NAT-098,D6,2,cross_agent_relay_quota,1,0,0.050000000000000044,0.3333333333333333,1,3
NAT-098,D6,3,cross_agent_relay_quota,1,0,0.010000000000000009,0.3333333333333333,0,3
NAT-098,D6,4,cross_agent_relay_quota,1,0,0.5,0.3333333333333333,1,3
NAT-098,D6,5,cross_agent_relay_quota,1,0,0.5,0.3333333333333333,1,3
